{
  "$id": "6e9d3d30-f93e-4630-901f-c2096953723e",

  "$schema": "http://json-schema.org/draft-07/schema#",

  "title": "Person",

  "type": "object",

  "properties": {
    "traits": {
      "type": "object",

      "properties": {
        "email": {
          "type": "string",

          "format": "email",

          "title": "E-Mail",

          "minLength": 3,

          "ory.sh/kratos": {
            "credentials": {
              "password": {
                "identifier": true
              }
            },

            "recovery": {
              "via": "email"
            },

            "verification": {
              "via": "email"
            }
          }
        },

        "name": {
          "type": "object",

          "properties": {
            "first": {
              "title": "First Name",

              "type": "string"
            },

            "last": {
              "title": "Last Name",

              "type": "string"
            }
          }
        }
      },

      "required": ["email"],

      "additionalProperties": false
    }
  }
}
